img_name,true_labels,true_class,predicted_class,predicted_labels
val_000006.jpg,201,grilled_cheese_sandwich,grilled_cheese_sandwich,201.0
val_000008.jpg,19,cannoli,cannoli,19.0
val_000013.jpg,0,macaron,macaron,0.0
val_000015.jpg,201,grilled_cheese_sandwich,grilled_cheese_sandwich,201.0
val_000019.jpg,29,apple_pie,apple_pie,29.0
val_000020.jpg,155,churro,churro,155.0
val_000025.jpg,172,chocolate_mousse,chocolate_mousse,172.0
val_000053.jpg,79,macaroni_and_cheese,macaroni_and_cheese,79.0
val_000063.jpg,30,risotto,risotto,30.0
val_000074.jpg,79,macaroni_and_cheese,macaroni_and_cheese,79.0
val_000078.jpg,0,macaron,macaron,0.0
val_000118.jpg,67,tempura,tempura,67.0
val_000122.jpg,168,eggs_benedict,eggs_benedict,168.0
val_000128.jpg,198,burrito,burrito,198.0
val_000130.jpg,86,pancake,pancake,86.0
val_000139.jpg,29,apple_pie,apple_pie,29.0
val_000141.jpg,88,onion_rings,onion_rings,88.0
val_000161.jpg,57,gnocchi,gnocchi,57.0
val_000162.jpg,29,apple_pie,apple_pie,29.0
val_000187.jpg,62,creme_brulee,creme_brulee,62.0
val_000197.jpg,0,macaron,macaron,0.0
val_000223.jpg,0,macaron,macaron,0.0
val_000226.jpg,62,creme_brulee,creme_brulee,62.0
val_000238.jpg,8,dumpling,dumpling,8.0
val_000239.jpg,67,tempura,tempura,67.0
val_000242.jpg,198,burrito,burrito,198.0
val_000244.jpg,155,churro,churro,155.0
val_000245.jpg,163,filet_mignon,filet_mignon,163.0
val_000249.jpg,30,risotto,risotto,30.0
val_000250.jpg,29,apple_pie,apple_pie,29.0
val_000259.jpg,155,churro,churro,155.0
val_000278.jpg,124,boiled_egg,boiled_egg,124.0
val_000282.jpg,76,edamame,edamame,76.0
val_000289.jpg,98,lasagna,lasagna,98.0
val_000322.jpg,156,donut,ice_cream,193.0
val_000336.jpg,168,eggs_benedict,eggs_benedict,168.0
val_000346.jpg,86,pancake,pancake,86.0
val_000350.jpg,168,eggs_benedict,eggs_benedict,168.0
val_000403.jpg,67,tempura,tempura,67.0
val_000413.jpg,29,apple_pie,apple_pie,29.0
val_000414.jpg,67,tempura,tempura,67.0
val_000417.jpg,75,linguine,linguine,75.0
val_000437.jpg,201,grilled_cheese_sandwich,grilled_cheese_sandwich,201.0
val_000449.jpg,30,risotto,risotto,30.0
val_000465.jpg,155,churro,churro,155.0
val_000494.jpg,156,donut,donut,156.0
val_000498.jpg,67,tempura,tempura,67.0
val_000503.jpg,168,eggs_benedict,eggs_benedict,168.0
val_000505.jpg,98,lasagna,macaroni_and_cheese,79.0
val_000510.jpg,8,dumpling,dumpling,8.0
val_000511.jpg,98,lasagna,lasagna,98.0
val_000525.jpg,29,apple_pie,churro,155.0
val_000533.jpg,30,risotto,risotto,30.0
val_000536.jpg,67,tempura,tempura,67.0
val_000538.jpg,198,burrito,burrito,198.0
val_000540.jpg,57,gnocchi,gnocchi,57.0
val_000554.jpg,67,tempura,tempura,67.0
val_000558.jpg,67,tempura,tempura,67.0
val_000560.jpg,155,churro,churro,155.0
val_000566.jpg,30,risotto,risotto,30.0
val_000577.jpg,76,edamame,edamame,76.0
val_000592.jpg,79,macaroni_and_cheese,macaroni_and_cheese,79.0
val_000609.jpg,163,filet_mignon,filet_mignon,163.0
val_000613.jpg,57,gnocchi,gnocchi,57.0
val_000623.jpg,88,onion_rings,onion_rings,88.0
val_000625.jpg,155,churro,churro,155.0
val_000627.jpg,163,filet_mignon,filet_mignon,163.0
val_000641.jpg,172,chocolate_mousse,chocolate_mousse,172.0
val_000642.jpg,163,filet_mignon,filet_mignon,163.0
val_000653.jpg,168,eggs_benedict,eggs_benedict,168.0
val_000662.jpg,57,gnocchi,gnocchi,57.0
val_000669.jpg,123,fried_rice,fried_rice,123.0
val_000672.jpg,29,apple_pie,apple_pie,29.0
val_000673.jpg,79,macaroni_and_cheese,macaroni_and_cheese,79.0
val_000688.jpg,67,tempura,tempura,67.0
val_000691.jpg,57,gnocchi,gnocchi,57.0
val_000697.jpg,30,risotto,macaroni_and_cheese,79.0
val_000707.jpg,163,filet_mignon,filet_mignon,163.0
val_000720.jpg,62,creme_brulee,creme_brulee,62.0
val_000722.jpg,67,tempura,onion_rings,88.0
val_000727.jpg,124,boiled_egg,boiled_egg,124.0
val_000733.jpg,8,dumpling,dumpling,8.0
val_000735.jpg,0,macaron,macaron,0.0
val_000741.jpg,75,linguine,linguine,75.0
val_000748.jpg,155,churro,churro,155.0
val_000756.jpg,201,grilled_cheese_sandwich,grilled_cheese_sandwich,201.0
val_000762.jpg,198,burrito,burrito,198.0
val_000789.jpg,76,edamame,edamame,76.0
val_000802.jpg,98,lasagna,dumpling,8.0
val_000804.jpg,88,onion_rings,onion_rings,88.0
val_000805.jpg,86,pancake,pancake,86.0
val_000811.jpg,88,onion_rings,onion_rings,88.0
val_000815.jpg,138,panna_cotta,panna_cotta,138.0
val_000826.jpg,29,apple_pie,apple_pie,29.0
val_000832.jpg,67,tempura,tempura,67.0
val_000838.jpg,67,tempura,tempura,67.0
val_000840.jpg,155,churro,churro,155.0
val_000843.jpg,193,ice_cream,ice_cream,193.0
val_000846.jpg,29,apple_pie,apple_pie,29.0
val_000850.jpg,79,macaroni_and_cheese,macaroni_and_cheese,79.0
val_000870.jpg,29,apple_pie,apple_pie,29.0
val_000903.jpg,0,macaron,macaron,0.0
val_000905.jpg,57,gnocchi,gnocchi,57.0
val_000907.jpg,193,ice_cream,ice_cream,193.0
val_000908.jpg,19,cannoli,ice_cream,193.0
val_000921.jpg,172,chocolate_mousse,chocolate_mousse,172.0
val_000925.jpg,19,cannoli,cannoli,19.0
val_000933.jpg,124,boiled_egg,boiled_egg,124.0
val_000938.jpg,62,creme_brulee,creme_brulee,62.0
val_000949.jpg,67,tempura,onion_rings,88.0
val_000955.jpg,8,dumpling,dumpling,8.0
val_000965.jpg,29,apple_pie,apple_pie,29.0
val_000967.jpg,201,grilled_cheese_sandwich,grilled_cheese_sandwich,201.0
val_000970.jpg,86,pancake,pancake,86.0
val_000972.jpg,168,eggs_benedict,eggs_benedict,168.0
val_000977.jpg,75,linguine,linguine,75.0
val_000980.jpg,155,churro,churro,155.0
val_000982.jpg,67,tempura,tempura,67.0
val_000987.jpg,67,tempura,dumpling,8.0
val_000991.jpg,201,grilled_cheese_sandwich,grilled_cheese_sandwich,201.0
val_001003.jpg,19,cannoli,cannoli,19.0
val_001015.jpg,29,apple_pie,apple_pie,29.0
val_001019.jpg,19,cannoli,cannoli,19.0
val_001025.jpg,138,panna_cotta,panna_cotta,138.0
val_001036.jpg,19,cannoli,cannoli,19.0
val_001038.jpg,201,grilled_cheese_sandwich,grilled_cheese_sandwich,201.0
val_001052.jpg,0,macaron,macaron,0.0
val_001055.jpg,198,burrito,burrito,198.0
val_001060.jpg,0,macaron,macaron,0.0
val_001061.jpg,29,apple_pie,apple_pie,29.0
val_001065.jpg,79,macaroni_and_cheese,macaroni_and_cheese,79.0
val_001073.jpg,172,chocolate_mousse,chocolate_mousse,172.0
val_001083.jpg,124,boiled_egg,boiled_egg,124.0
val_001096.jpg,124,boiled_egg,boiled_egg,124.0
val_001101.jpg,76,edamame,edamame,76.0
val_001108.jpg,75,linguine,linguine,75.0
val_001120.jpg,67,tempura,tempura,67.0
val_001133.jpg,88,onion_rings,onion_rings,88.0
val_001167.jpg,168,eggs_benedict,eggs_benedict,168.0
val_001173.jpg,86,pancake,pancake,86.0
val_001177.jpg,88,onion_rings,onion_rings,88.0
val_001179.jpg,8,dumpling,dumpling,8.0
val_001180.jpg,98,lasagna,lasagna,98.0
val_001186.jpg,168,eggs_benedict,eggs_benedict,168.0
val_001198.jpg,67,tempura,tempura,67.0
val_001199.jpg,193,ice_cream,ice_cream,193.0
val_001217.jpg,163,filet_mignon,filet_mignon,163.0
val_001218.jpg,123,fried_rice,fried_rice,123.0
val_001220.jpg,138,panna_cotta,panna_cotta,138.0
val_001221.jpg,30,risotto,risotto,30.0
val_001226.jpg,19,cannoli,cannoli,19.0
val_001249.jpg,79,macaroni_and_cheese,macaroni_and_cheese,79.0
val_001250.jpg,8,dumpling,dumpling,8.0
val_001253.jpg,19,cannoli,cannoli,19.0
val_001254.jpg,29,apple_pie,apple_pie,29.0
val_001265.jpg,201,grilled_cheese_sandwich,grilled_cheese_sandwich,201.0
val_001279.jpg,75,linguine,linguine,75.0
val_001287.jpg,172,chocolate_mousse,chocolate_mousse,172.0
val_001295.jpg,155,churro,churro,155.0
val_001309.jpg,57,gnocchi,gnocchi,57.0
val_001315.jpg,86,pancake,pancake,86.0
val_001324.jpg,98,lasagna,lasagna,98.0
val_001333.jpg,88,onion_rings,onion_rings,88.0
val_001343.jpg,198,burrito,burrito,198.0
val_001351.jpg,123,fried_rice,fried_rice,123.0
val_001363.jpg,62,creme_brulee,creme_brulee,62.0
val_001367.jpg,123,fried_rice,fried_rice,123.0
val_001371.jpg,86,pancake,pancake,86.0
val_001381.jpg,86,pancake,pancake,86.0
val_001406.jpg,75,linguine,linguine,75.0
val_001412.jpg,198,burrito,burrito,198.0
val_001415.jpg,98,lasagna,lasagna,98.0
val_001428.jpg,88,onion_rings,onion_rings,88.0
val_001432.jpg,201,grilled_cheese_sandwich,grilled_cheese_sandwich,201.0
val_001463.jpg,98,lasagna,lasagna,98.0
val_001470.jpg,19,cannoli,cannoli,19.0
val_001474.jpg,168,eggs_benedict,eggs_benedict,168.0
val_001477.jpg,163,filet_mignon,filet_mignon,163.0
val_001478.jpg,29,apple_pie,apple_pie,29.0
val_001492.jpg,30,risotto,risotto,30.0
val_001498.jpg,19,cannoli,cannoli,19.0
val_001528.jpg,76,edamame,edamame,76.0
val_001538.jpg,79,macaroni_and_cheese,macaroni_and_cheese,79.0
val_001566.jpg,193,ice_cream,ice_cream,193.0
val_001568.jpg,79,macaroni_and_cheese,macaroni_and_cheese,79.0
val_001600.jpg,201,grilled_cheese_sandwich,grilled_cheese_sandwich,201.0
val_001601.jpg,57,gnocchi,gnocchi,57.0
val_001603.jpg,124,boiled_egg,boiled_egg,124.0
val_001608.jpg,88,onion_rings,onion_rings,88.0
val_001614.jpg,138,panna_cotta,panna_cotta,138.0
val_001637.jpg,156,donut,donut,156.0
val_001678.jpg,201,grilled_cheese_sandwich,grilled_cheese_sandwich,201.0
val_001681.jpg,124,boiled_egg,boiled_egg,124.0
val_001683.jpg,88,onion_rings,onion_rings,88.0
val_001689.jpg,30,risotto,risotto,30.0
val_001715.jpg,201,grilled_cheese_sandwich,pancake,86.0
val_001723.jpg,138,panna_cotta,panna_cotta,138.0
val_001733.jpg,86,pancake,pancake,86.0
val_001734.jpg,168,eggs_benedict,eggs_benedict,168.0
val_001735.jpg,75,linguine,linguine,75.0
val_001757.jpg,19,cannoli,cannoli,19.0
val_001763.jpg,168,eggs_benedict,eggs_benedict,168.0
val_001764.jpg,193,ice_cream,ice_cream,193.0
val_001786.jpg,201,grilled_cheese_sandwich,grilled_cheese_sandwich,201.0
val_001787.jpg,30,risotto,risotto,30.0
val_001797.jpg,79,macaroni_and_cheese,macaroni_and_cheese,79.0
val_001815.jpg,168,eggs_benedict,eggs_benedict,168.0
val_001823.jpg,168,eggs_benedict,eggs_benedict,168.0
val_001829.jpg,123,fried_rice,fried_rice,123.0
val_001836.jpg,172,chocolate_mousse,chocolate_mousse,172.0
val_001838.jpg,163,filet_mignon,filet_mignon,163.0
val_001852.jpg,19,cannoli,cannoli,19.0
val_001864.jpg,172,chocolate_mousse,chocolate_mousse,172.0
val_001888.jpg,79,macaroni_and_cheese,macaroni_and_cheese,79.0
val_001890.jpg,155,churro,churro,155.0
val_001905.jpg,8,dumpling,dumpling,8.0
val_001908.jpg,19,cannoli,cannoli,19.0
val_001913.jpg,75,linguine,linguine,75.0
val_001917.jpg,29,apple_pie,apple_pie,29.0
val_001945.jpg,123,fried_rice,fried_rice,123.0
val_001957.jpg,75,linguine,linguine,75.0
val_001960.jpg,198,burrito,burrito,198.0
val_001961.jpg,172,chocolate_mousse,chocolate_mousse,172.0
val_001969.jpg,8,dumpling,dumpling,8.0
val_001987.jpg,156,donut,donut,156.0
val_001990.jpg,124,boiled_egg,boiled_egg,124.0
val_002008.jpg,0,macaron,macaron,0.0
val_002016.jpg,0,macaron,macaron,0.0
val_002029.jpg,123,fried_rice,fried_rice,123.0
val_002033.jpg,76,edamame,edamame,76.0
val_002038.jpg,29,apple_pie,apple_pie,29.0
val_002041.jpg,62,creme_brulee,chocolate_mousse,172.0
val_002048.jpg,88,onion_rings,onion_rings,88.0
val_002052.jpg,124,boiled_egg,boiled_egg,124.0
val_002056.jpg,168,eggs_benedict,eggs_benedict,168.0
val_002057.jpg,193,ice_cream,ice_cream,193.0
val_002069.jpg,193,ice_cream,unknown,
val_002074.jpg,79,macaroni_and_cheese,macaroni_and_cheese,79.0
val_002078.jpg,163,filet_mignon,filet_mignon,163.0
val_002080.jpg,76,edamame,edamame,76.0
val_002081.jpg,79,macaroni_and_cheese,macaroni_and_cheese,79.0
val_002096.jpg,168,eggs_benedict,eggs_benedict,168.0
val_002101.jpg,172,chocolate_mousse,chocolate_mousse,172.0
val_002111.jpg,155,churro,churro,155.0
val_002128.jpg,57,gnocchi,gnocchi,57.0
val_002134.jpg,62,creme_brulee,creme_brulee,62.0
val_002140.jpg,75,linguine,fried_rice,123.0
val_002143.jpg,168,eggs_benedict,eggs_benedict,168.0
val_002147.jpg,8,dumpling,dumpling,8.0
val_002164.jpg,76,edamame,unknown,
val_002172.jpg,75,linguine,linguine,75.0
val_002177.jpg,29,apple_pie,apple_pie,29.0
val_002184.jpg,156,donut,donut,156.0
val_002188.jpg,168,eggs_benedict,eggs_benedict,168.0
val_002190.jpg,98,lasagna,lasagna,98.0
val_002193.jpg,8,dumpling,dumpling,8.0
val_002197.jpg,19,cannoli,cannoli,19.0
val_002202.jpg,79,macaroni_and_cheese,macaroni_and_cheese,79.0
val_002214.jpg,172,chocolate_mousse,chocolate_mousse,172.0
val_002215.jpg,86,pancake,pancake,86.0
val_002223.jpg,76,edamame,edamame,76.0
val_002225.jpg,138,panna_cotta,panna_cotta,138.0
val_002230.jpg,172,chocolate_mousse,chocolate_mousse,172.0
val_002245.jpg,168,eggs_benedict,eggs_benedict,168.0
val_002249.jpg,0,macaron,macaron,0.0
val_002250.jpg,123,fried_rice,fried_rice,123.0
val_002257.jpg,19,cannoli,cannoli,19.0
val_002273.jpg,138,panna_cotta,panna_cotta,138.0
val_002277.jpg,168,eggs_benedict,eggs_benedict,168.0
val_002289.jpg,138,panna_cotta,panna_cotta,138.0
val_002307.jpg,88,onion_rings,onion_rings,88.0
val_002324.jpg,98,lasagna,lasagna,98.0
val_002327.jpg,57,gnocchi,gnocchi,57.0
val_002331.jpg,79,macaroni_and_cheese,macaroni_and_cheese,79.0
val_002352.jpg,98,lasagna,lasagna,98.0
val_002353.jpg,86,pancake,None of the specified categories,
val_002372.jpg,88,onion_rings,onion_rings,88.0
val_002395.jpg,123,fried_rice,fried_rice,123.0
val_002427.jpg,138,panna_cotta,panna_cotta,138.0
val_002429.jpg,30,risotto,risotto,30.0
val_002430.jpg,75,linguine,linguine,75.0
val_002440.jpg,201,grilled_cheese_sandwich,grilled_cheese_sandwich,201.0
val_002458.jpg,57,gnocchi,gnocchi,57.0
val_002462.jpg,163,filet_mignon,filet_mignon,163.0
val_002463.jpg,8,dumpling,dumpling,8.0
val_002477.jpg,198,burrito,burrito,198.0
val_002479.jpg,8,dumpling,dumpling,8.0
val_002496.jpg,8,dumpling,dumpling,8.0
val_002505.jpg,67,tempura,tempura,67.0
val_002508.jpg,75,linguine,linguine,75.0
val_002516.jpg,98,lasagna,lasagna,98.0
val_002534.jpg,67,tempura,tempura,67.0
val_002536.jpg,79,macaroni_and_cheese,macaroni_and_cheese,79.0
val_002539.jpg,57,gnocchi,gnocchi,57.0
val_002540.jpg,57,gnocchi,gnocchi,57.0
val_002546.jpg,193,ice_cream,ice_cream,193.0
val_002594.jpg,29,apple_pie,ice_cream,193.0
val_002601.jpg,86,pancake,pancake,86.0
val_002615.jpg,138,panna_cotta,panna_cotta,138.0
val_002636.jpg,138,panna_cotta,panna_cotta,138.0
val_002654.jpg,123,fried_rice,fried_rice,123.0
val_002662.jpg,79,macaroni_and_cheese,macaroni_and_cheese,79.0
val_002664.jpg,79,macaroni_and_cheese,macaroni_and_cheese,79.0
val_002668.jpg,19,cannoli,cannoli,19.0
val_002688.jpg,19,cannoli,cannoli,19.0
val_002707.jpg,79,macaroni_and_cheese,macaroni_and_cheese,79.0
val_002712.jpg,0,macaron,macaron,0.0
val_002728.jpg,198,burrito,burrito,198.0
val_002741.jpg,138,panna_cotta,chocolate_mousse,172.0
val_002763.jpg,193,ice_cream,ice_cream,193.0
val_002764.jpg,86,pancake,pancake,86.0
val_002775.jpg,201,grilled_cheese_sandwich,grilled_cheese_sandwich,201.0
val_002788.jpg,201,grilled_cheese_sandwich,grilled_cheese_sandwich,201.0
val_002793.jpg,138,panna_cotta,chocolate_mousse,172.0
val_002794.jpg,172,chocolate_mousse,chocolate_mousse,172.0
val_002802.jpg,155,churro,churro,155.0
val_002808.jpg,155,churro,churro,155.0
val_002815.jpg,123,fried_rice,fried_rice,123.0
val_002836.jpg,86,pancake,pancake,86.0
val_002853.jpg,88,onion_rings,onion_rings,88.0
val_002854.jpg,62,creme_brulee,creme_brulee,62.0
val_002856.jpg,155,churro,churro,155.0
val_002858.jpg,86,pancake,pancake,86.0
val_002868.jpg,98,lasagna,lasagna,98.0
val_002886.jpg,88,onion_rings,onion_rings,88.0
val_002887.jpg,198,burrito,burrito,198.0
val_002891.jpg,67,tempura,tempura,67.0
val_002897.jpg,29,apple_pie,apple_pie,29.0
val_002914.jpg,29,apple_pie,apple_pie,29.0
val_002924.jpg,0,macaron,macaron,0.0
val_002968.jpg,88,onion_rings,onion_rings,88.0
val_002985.jpg,76,edamame,gnocchi,57.0
val_002992.jpg,29,apple_pie,apple_pie,29.0
val_002993.jpg,76,edamame,edamame,76.0
val_003005.jpg,62,creme_brulee,creme_brulee,62.0
val_003007.jpg,156,donut,donut,156.0
val_003017.jpg,163,filet_mignon,filet_mignon,163.0
val_003022.jpg,124,boiled_egg,boiled_egg,124.0
val_003057.jpg,98,lasagna,lasagna,98.0
val_003068.jpg,172,chocolate_mousse,chocolate_mousse,172.0
val_003072.jpg,98,lasagna,lasagna,98.0
val_003073.jpg,193,ice_cream,ice_cream,193.0
val_003075.jpg,172,chocolate_mousse,chocolate_mousse,172.0
val_003080.jpg,75,linguine,linguine,75.0
val_003100.jpg,156,donut,donut,156.0
val_003102.jpg,172,chocolate_mousse,chocolate_mousse,172.0
val_003116.jpg,124,boiled_egg,boiled_egg,124.0
val_003117.jpg,62,creme_brulee,macaroni_and_cheese,79.0
val_003118.jpg,156,donut,donut,156.0
val_003120.jpg,168,eggs_benedict,eggs_benedict,168.0
val_003125.jpg,124,boiled_egg,boiled_egg,124.0
val_003127.jpg,62,creme_brulee,macaron,0.0
val_003128.jpg,86,pancake,pancake,86.0
val_003167.jpg,172,chocolate_mousse,chocolate_mousse,172.0
val_003174.jpg,57,gnocchi,gnocchi,57.0
val_003187.jpg,8,dumpling,dumpling,8.0
val_003191.jpg,29,apple_pie,apple_pie,29.0
val_003199.jpg,19,cannoli,cannoli,19.0
val_003207.jpg,98,lasagna,lasagna,98.0
val_003214.jpg,8,dumpling,dumpling,8.0
val_003220.jpg,98,lasagna,lasagna,98.0
val_003230.jpg,168,eggs_benedict,eggs_benedict,168.0
val_003244.jpg,30,risotto,macaroni_and_cheese,79.0
val_003260.jpg,76,edamame,edamame,76.0
val_003272.jpg,193,ice_cream,ice_cream,193.0
val_003284.jpg,123,fried_rice,fried_rice,123.0
val_003289.jpg,86,pancake,pancake,86.0
val_003317.jpg,19,cannoli,cannoli,19.0
val_003322.jpg,98,lasagna,lasagna,98.0
val_003329.jpg,193,ice_cream,chocolate_mousse,172.0
val_003330.jpg,75,linguine,linguine,75.0
val_003344.jpg,57,gnocchi,gnocchi,57.0
val_003347.jpg,29,apple_pie,apple_pie,29.0
val_003348.jpg,88,onion_rings,chocolate_mousse,172.0
val_003351.jpg,168,eggs_benedict,eggs_benedict,168.0
val_003359.jpg,138,panna_cotta,panna_cotta,138.0
val_003375.jpg,62,creme_brulee,panna_cotta,138.0
val_003385.jpg,88,onion_rings,not_available,
val_003392.jpg,57,gnocchi,Unknown,
val_003405.jpg,19,cannoli,cannoli,19.0
val_003410.jpg,19,cannoli,donut,156.0
val_003417.jpg,124,boiled_egg,boiled_egg,124.0
val_003431.jpg,124,boiled_egg,boiled_egg,124.0
val_003455.jpg,163,filet_mignon,filet_mignon,163.0
val_003463.jpg,98,lasagna,lasagna,98.0
val_003466.jpg,88,onion_rings,onion_rings,88.0
val_003476.jpg,0,macaron,macaron,0.0
val_003477.jpg,156,donut,donut,156.0
val_003487.jpg,0,macaron,macaron,0.0
val_003490.jpg,201,grilled_cheese_sandwich,grilled_cheese_sandwich,201.0
val_003493.jpg,156,donut,donut,156.0
val_003499.jpg,201,grilled_cheese_sandwich,grilled_cheese_sandwich,201.0
val_003504.jpg,198,burrito,burrito,198.0
val_003505.jpg,75,linguine,linguine,75.0
val_003513.jpg,201,grilled_cheese_sandwich,grilled_cheese_sandwich,201.0
val_003515.jpg,30,risotto,risotto,30.0
val_003517.jpg,193,ice_cream,ice_cream,193.0
val_003518.jpg,201,grilled_cheese_sandwich,grilled_cheese_sandwich,201.0
val_003522.jpg,198,burrito,burrito,198.0
val_003523.jpg,76,edamame,edamame,76.0
val_003527.jpg,79,macaroni_and_cheese,macaroni_and_cheese,79.0
val_003533.jpg,0,macaron,macaron,0.0
val_003535.jpg,155,churro,churro,155.0
val_003556.jpg,172,chocolate_mousse,chocolate_mousse,172.0
val_003569.jpg,163,filet_mignon,filet_mignon,163.0
val_003572.jpg,67,tempura,tempura,67.0
val_003574.jpg,86,pancake,pancake,86.0
val_003586.jpg,62,creme_brulee,creme_brulee,62.0
val_003592.jpg,0,macaron,macaron,0.0
val_003596.jpg,201,grilled_cheese_sandwich,grilled_cheese_sandwich,201.0
val_003603.jpg,0,macaron,macaron,0.0
val_003605.jpg,0,macaron,macaron,0.0
val_003606.jpg,29,apple_pie,apple_pie,29.0
val_003609.jpg,124,boiled_egg,boiled_egg,124.0
val_003612.jpg,86,pancake,pancake,86.0
val_003625.jpg,76,edamame,edamame,76.0
val_003626.jpg,76,edamame,edamame,76.0
val_003629.jpg,98,lasagna,lasagna,98.0
val_003632.jpg,98,lasagna,lasagna,98.0
val_003634.jpg,8,dumpling,dumpling,8.0
val_003635.jpg,168,eggs_benedict,eggs_benedict,168.0
val_003639.jpg,168,eggs_benedict,eggs_benedict,168.0
val_003643.jpg,198,burrito,burrito,198.0
val_003657.jpg,79,macaroni_and_cheese,macaroni_and_cheese,79.0
val_003664.jpg,193,ice_cream,ice_cream,193.0
val_003668.jpg,201,grilled_cheese_sandwich,grilled_cheese_sandwich,201.0
val_003678.jpg,0,macaron,macaron,0.0
val_003686.jpg,8,dumpling,dumpling,8.0
val_003698.jpg,67,tempura,tempura,67.0
val_003701.jpg,67,tempura,tempura,67.0
val_003713.jpg,193,ice_cream,ice_cream,193.0
val_003724.jpg,123,fried_rice,fried_rice,123.0
val_003733.jpg,201,grilled_cheese_sandwich,grilled_cheese_sandwich,201.0
val_003744.jpg,30,risotto,risotto,30.0
val_003759.jpg,201,grilled_cheese_sandwich,grilled_cheese_sandwich,201.0
val_003762.jpg,0,macaron,macaron,0.0
val_003773.jpg,75,linguine,linguine,75.0
val_003776.jpg,62,creme_brulee,creme_brulee,62.0
val_003780.jpg,201,grilled_cheese_sandwich,grilled_cheese_sandwich,201.0
val_003787.jpg,201,grilled_cheese_sandwich,grilled_cheese_sandwich,201.0
val_003793.jpg,124,boiled_egg,boiled_egg,124.0
val_003822.jpg,76,edamame,edamame,76.0
val_003825.jpg,124,boiled_egg,boiled_egg,124.0
val_003860.jpg,172,chocolate_mousse,chocolate_mousse,172.0
val_003862.jpg,30,risotto,risotto,30.0
val_003888.jpg,88,onion_rings,onion_rings,88.0
val_003898.jpg,30,risotto,risotto,30.0
val_003905.jpg,8,dumpling,dumpling,8.0
val_003911.jpg,168,eggs_benedict,eggs_benedict,168.0
val_003917.jpg,30,risotto,risotto,30.0
val_003920.jpg,75,linguine,linguine,75.0
val_003934.jpg,19,cannoli,cannoli,19.0
val_003935.jpg,138,panna_cotta,panna_cotta,138.0
val_003936.jpg,163,filet_mignon,filet_mignon,163.0
val_003953.jpg,62,creme_brulee,creme_brulee,62.0
val_003955.jpg,76,edamame,edamame,76.0
val_003971.jpg,123,fried_rice,fried_rice,123.0
val_003981.jpg,138,panna_cotta,panna_cotta,138.0
val_003985.jpg,138,panna_cotta,panna_cotta,138.0
val_003993.jpg,201,grilled_cheese_sandwich,grilled_cheese_sandwich,201.0
val_003996.jpg,98,lasagna,lasagna,98.0
val_004004.jpg,156,donut,donut,156.0
val_004020.jpg,156,donut,donut,156.0
val_004027.jpg,168,eggs_benedict,eggs_benedict,168.0
val_004030.jpg,201,grilled_cheese_sandwich,grilled_cheese_sandwich,201.0
val_004032.jpg,57,gnocchi,gnocchi,57.0
val_004041.jpg,75,linguine,linguine,75.0
val_004044.jpg,201,grilled_cheese_sandwich,grilled_cheese_sandwich,201.0
val_004048.jpg,76,edamame,edamame,76.0
val_004064.jpg,30,risotto,risotto,30.0
val_004073.jpg,57,gnocchi,gnocchi,57.0
val_004076.jpg,19,cannoli,macaron,0.0
val_004094.jpg,75,linguine,linguine,75.0
val_004100.jpg,172,chocolate_mousse,chocolate_mousse,172.0
val_004111.jpg,86,pancake,pancake,86.0
val_004112.jpg,8,dumpling,dumpling,8.0
val_004117.jpg,0,macaron,macaron,0.0
val_004122.jpg,98,lasagna,lasagna,98.0
val_004130.jpg,123,fried_rice,fried_rice,123.0
val_004133.jpg,75,linguine,linguine,75.0
val_004148.jpg,67,tempura,tempura,67.0
val_004159.jpg,30,risotto,fried_rice,123.0
val_004161.jpg,193,ice_cream,ice_cream,193.0
val_004168.jpg,124,boiled_egg,boiled_egg,124.0
val_004180.jpg,19,cannoli,cannoli,19.0
val_004182.jpg,138,panna_cotta,panna_cotta,138.0
val_004186.jpg,168,eggs_benedict,eggs_benedict,168.0
val_004214.jpg,75,linguine,linguine,75.0
val_004215.jpg,88,onion_rings,onion_rings,88.0
val_004223.jpg,98,lasagna,lasagna,98.0
val_004231.jpg,75,linguine,linguine,75.0
val_004234.jpg,98,lasagna,lasagna,98.0
val_004236.jpg,198,burrito,burrito,198.0
val_004240.jpg,75,linguine,linguine,75.0
val_004247.jpg,75,linguine,linguine,75.0
val_004254.jpg,79,macaroni_and_cheese,macaroni_and_cheese,79.0
val_004255.jpg,172,chocolate_mousse,chocolate_mousse,172.0
val_004257.jpg,86,pancake,pancake,86.0
val_004267.jpg,168,eggs_benedict,eggs_benedict,168.0
val_004278.jpg,75,linguine,linguine,75.0
val_004292.jpg,123,fried_rice,fried_rice,123.0
val_004295.jpg,172,chocolate_mousse,chocolate_mousse,172.0
val_004301.jpg,30,risotto,risotto,30.0
val_004304.jpg,75,linguine,linguine,75.0
val_004312.jpg,201,grilled_cheese_sandwich,grilled_cheese_sandwich,201.0
val_004313.jpg,201,grilled_cheese_sandwich,grilled_cheese_sandwich,201.0
val_004318.jpg,67,tempura,tempura,67.0
val_004325.jpg,198,burrito,burrito,198.0
val_004330.jpg,156,donut,donut,156.0
val_004338.jpg,30,risotto,risotto,30.0
val_004341.jpg,201,grilled_cheese_sandwich,grilled_cheese_sandwich,201.0
val_004350.jpg,123,fried_rice,fried_rice,123.0
val_004352.jpg,168,eggs_benedict,eggs_benedict,168.0
val_004365.jpg,98,lasagna,macaroni_and_cheese,79.0
val_004366.jpg,8,dumpling,dumpling,8.0
val_004374.jpg,198,burrito,burrito,198.0
val_004381.jpg,75,linguine,linguine,75.0
val_004390.jpg,201,grilled_cheese_sandwich,grilled_cheese_sandwich,201.0
val_004392.jpg,8,dumpling,dumpling,8.0
val_004393.jpg,75,linguine,linguine,75.0
val_004407.jpg,172,chocolate_mousse,chocolate_mousse,172.0
val_004414.jpg,156,donut,donut,156.0
val_004424.jpg,138,panna_cotta,panna_cotta,138.0
val_004429.jpg,198,burrito,burrito,198.0
val_004431.jpg,86,pancake,None of the above,
val_004443.jpg,8,dumpling,dumpling,8.0
val_004454.jpg,156,donut,donut,156.0
val_004458.jpg,155,churro,churro,155.0
val_004465.jpg,75,linguine,linguine,75.0
val_004469.jpg,168,eggs_benedict,eggs_benedict,168.0
val_004470.jpg,75,linguine,linguine,75.0
val_004476.jpg,98,lasagna,lasagna,98.0
val_004482.jpg,98,lasagna,gnocchi,57.0
val_004487.jpg,88,onion_rings,onion_rings,88.0
val_004512.jpg,168,eggs_benedict,eggs_benedict,168.0
val_004518.jpg,201,grilled_cheese_sandwich,grilled_cheese_sandwich,201.0
val_004534.jpg,172,chocolate_mousse,chocolate_mousse,172.0
val_004574.jpg,57,gnocchi,gnocchi,57.0
val_004579.jpg,62,creme_brulee,creme_brulee,62.0
val_004607.jpg,138,panna_cotta,panna_cotta,138.0
val_004622.jpg,193,ice_cream,ice_cream,193.0
val_004623.jpg,79,macaroni_and_cheese,macaroni_and_cheese,79.0
val_004649.jpg,0,macaron,macaron,0.0
val_004663.jpg,57,gnocchi,gnocchi,57.0
val_004668.jpg,75,linguine,linguine,75.0
val_004669.jpg,79,macaroni_and_cheese,macaroni_and_cheese,79.0
val_004679.jpg,67,tempura,not classified,
val_004680.jpg,62,creme_brulee,creme_brulee,62.0
val_004701.jpg,8,dumpling,dumpling,8.0
val_004702.jpg,76,edamame,edamame,76.0
val_004726.jpg,67,tempura,tempura,67.0
val_004738.jpg,76,edamame,edamame,76.0
val_004744.jpg,29,apple_pie,apple_pie,29.0
val_004745.jpg,155,churro,churro,155.0
val_004752.jpg,98,lasagna,lasagna,98.0
val_004760.jpg,98,lasagna,lasagna,98.0
val_004767.jpg,67,tempura,tempura,67.0
val_004768.jpg,193,ice_cream,ice_cream,193.0
val_004770.jpg,86,pancake,pancake,86.0
val_004773.jpg,79,macaroni_and_cheese,macaroni_and_cheese,79.0
val_004778.jpg,57,gnocchi,gnocchi,57.0
val_004781.jpg,62,creme_brulee,creme_brulee,62.0
val_004797.jpg,30,risotto,risotto,30.0
val_004798.jpg,57,gnocchi,gnocchi,57.0
val_004816.jpg,8,dumpling,dumpling,8.0
val_004823.jpg,67,tempura,tempura,67.0
val_004829.jpg,62,creme_brulee,creme_brulee,62.0
val_004831.jpg,155,churro,churro,155.0
val_004844.jpg,0,macaron,macaron,0.0
val_004850.jpg,172,chocolate_mousse,chocolate_mousse,172.0
val_004855.jpg,30,risotto,risotto,30.0
val_004867.jpg,155,churro,churro,155.0
val_004874.jpg,8,dumpling,dumpling,8.0
val_004878.jpg,76,edamame,edamame,76.0
val_004880.jpg,30,risotto,risotto,30.0
val_004896.jpg,86,pancake,pancake,86.0
val_004906.jpg,155,churro,churro,155.0
val_004913.jpg,62,creme_brulee,creme_brulee,62.0
val_004927.jpg,57,gnocchi,gnocchi,57.0
val_004931.jpg,79,macaroni_and_cheese,macaroni_and_cheese,79.0
val_004934.jpg,57,gnocchi,gnocchi,57.0
val_004939.jpg,172,chocolate_mousse,chocolate_mousse,172.0
val_004943.jpg,123,fried_rice,fried_rice,123.0
val_004950.jpg,76,edamame,edamame,76.0
val_004952.jpg,123,fried_rice,fried_rice,123.0
val_004954.jpg,30,risotto,risotto,30.0
val_004966.jpg,198,burrito,burrito,198.0
val_004981.jpg,79,macaroni_and_cheese,macaroni_and_cheese,79.0
val_004988.jpg,75,linguine,linguine,75.0
val_004994.jpg,29,apple_pie,apple_pie,29.0
val_005000.jpg,168,eggs_benedict,eggs_benedict,168.0
val_005009.jpg,124,boiled_egg,boiled_egg,124.0
val_005014.jpg,62,creme_brulee,creme_brulee,62.0
val_005021.jpg,86,pancake,pancake,86.0
val_005022.jpg,76,edamame,edamame,76.0
val_005024.jpg,198,burrito,burrito,198.0
val_005039.jpg,123,fried_rice,fried_rice,123.0
val_005044.jpg,168,eggs_benedict,eggs_benedict,168.0
val_005049.jpg,57,gnocchi,gnocchi,57.0
val_005056.jpg,62,creme_brulee,creme_brulee,62.0
val_005058.jpg,155,churro,donut,156.0
val_005064.jpg,172,chocolate_mousse,chocolate_mousse,172.0
val_005065.jpg,163,filet_mignon,filet_mignon,163.0
val_005075.jpg,8,dumpling,dumpling,8.0
val_005078.jpg,76,edamame,edamame,76.0
val_005088.jpg,155,churro,donut,156.0
val_005089.jpg,138,panna_cotta,panna_cotta,138.0
val_005117.jpg,86,pancake,panna_cotta,138.0
val_005128.jpg,193,ice_cream,ice_cream,193.0
val_005131.jpg,88,onion_rings,onion_rings,88.0
val_005138.jpg,123,fried_rice,fried_rice,123.0
val_005142.jpg,201,grilled_cheese_sandwich,grilled_cheese_sandwich,201.0
val_005160.jpg,88,onion_rings,onion_rings,88.0
val_005162.jpg,193,ice_cream,ice_cream,193.0
val_005165.jpg,67,tempura,tempura,67.0
val_005184.jpg,8,dumpling,dumpling,8.0
val_005185.jpg,193,ice_cream,ice_cream,193.0
val_005186.jpg,98,lasagna,lasagna,98.0
val_005187.jpg,198,burrito,burrito,198.0
val_005191.jpg,8,dumpling,dumpling,8.0
val_005199.jpg,98,lasagna,lasagna,98.0
val_005204.jpg,193,ice_cream,ice_cream,193.0
val_005206.jpg,19,cannoli,cannoli,19.0
val_005209.jpg,124,boiled_egg,boiled_egg,124.0
val_005218.jpg,193,ice_cream,ice_cream,193.0
val_005222.jpg,86,pancake,chocolate_mousse,172.0
val_005227.jpg,79,macaroni_and_cheese,macaroni_and_cheese,79.0
val_005240.jpg,57,gnocchi,gnocchi,57.0
val_005241.jpg,201,grilled_cheese_sandwich,grilled_cheese_sandwich,201.0
val_005248.jpg,67,tempura,tempura,67.0
val_005251.jpg,0,macaron,macaron,0.0
val_005264.jpg,62,creme_brulee,creme_brulee,62.0
val_005274.jpg,86,pancake,pancake,86.0
val_005278.jpg,30,risotto,risotto,30.0
val_005281.jpg,201,grilled_cheese_sandwich,grilled_cheese_sandwich,201.0
val_005282.jpg,168,eggs_benedict,eggs_benedict,168.0
val_005285.jpg,30,risotto,risotto,30.0
val_005305.jpg,193,ice_cream,ice_cream,193.0
val_005322.jpg,124,boiled_egg,boiled_egg,124.0
val_005325.jpg,67,tempura,tempura,67.0
val_005328.jpg,88,onion_rings,onion_rings,88.0
val_005331.jpg,57,gnocchi,gnocchi,57.0
val_005337.jpg,67,tempura,tempura,67.0
val_005339.jpg,163,filet_mignon,filet_mignon,163.0
val_005341.jpg,88,onion_rings,onion_rings,88.0
val_005349.jpg,30,risotto,risotto,30.0
val_005361.jpg,19,cannoli,cannoli,19.0
val_005368.jpg,172,chocolate_mousse,chocolate_mousse,172.0
val_005369.jpg,79,macaroni_and_cheese,macaroni_and_cheese,79.0
val_005379.jpg,193,ice_cream,ice_cream,193.0
val_005404.jpg,67,tempura,fried_rice,123.0
val_005405.jpg,8,dumpling,dumpling,8.0
val_005409.jpg,156,donut,donut,156.0
val_005411.jpg,86,pancake,pancake,86.0
val_005415.jpg,88,onion_rings,onion_rings,88.0
val_005445.jpg,98,lasagna,lasagna,98.0
val_005450.jpg,79,macaroni_and_cheese,macaroni_and_cheese,79.0
val_005460.jpg,30,risotto,risotto,30.0
val_005469.jpg,57,gnocchi,gnocchi,57.0
val_005470.jpg,198,burrito,burrito,198.0
val_005485.jpg,98,lasagna,lasagna,98.0
val_005489.jpg,30,risotto,fried_rice,123.0
val_005500.jpg,138,panna_cotta,panna_cotta,138.0
val_005506.jpg,86,pancake,pancake,86.0
val_005509.jpg,19,cannoli,cannoli,19.0
val_005520.jpg,98,lasagna,lasagna,98.0
val_005526.jpg,138,panna_cotta,panna_cotta,138.0
val_005534.jpg,124,boiled_egg,boiled_egg,124.0
val_005544.jpg,193,ice_cream,chocolate_mousse,172.0
val_005547.jpg,0,macaron,macaron,0.0
val_005555.jpg,198,burrito,burrito,198.0
val_005568.jpg,172,chocolate_mousse,chocolate_mousse,172.0
val_005571.jpg,79,macaroni_and_cheese,macaroni_and_cheese,79.0
val_005573.jpg,0,macaron,macaron,0.0
val_005589.jpg,62,creme_brulee,creme_brulee,62.0
val_005595.jpg,88,onion_rings,onion_rings,88.0
val_005596.jpg,193,ice_cream,ice_cream,193.0
val_005617.jpg,30,risotto,risotto,30.0
val_005628.jpg,62,creme_brulee,creme_brulee,62.0
val_005635.jpg,198,burrito,burrito,198.0
val_005648.jpg,172,chocolate_mousse,chocolate_mousse,172.0
val_005652.jpg,198,burrito,burrito,198.0
val_005655.jpg,0,macaron,macaron,0.0
val_005667.jpg,201,grilled_cheese_sandwich,grilled_cheese_sandwich,201.0
val_005669.jpg,0,macaron,macaron,0.0
val_005679.jpg,124,boiled_egg,boiled_egg,124.0
val_005680.jpg,0,macaron,macaron,0.0
val_005682.jpg,98,lasagna,lasagna,98.0
val_005691.jpg,76,edamame,edamame,76.0
val_005717.jpg,138,panna_cotta,panna_cotta,138.0
val_005729.jpg,76,edamame,edamame,76.0
val_005740.jpg,201,grilled_cheese_sandwich,grilled_cheese_sandwich,201.0
val_005751.jpg,62,creme_brulee,creme_brulee,62.0
val_005752.jpg,98,lasagna,lasagna,98.0
val_005759.jpg,124,boiled_egg,boiled_egg,124.0
val_005762.jpg,138,panna_cotta,panna_cotta,138.0
val_005771.jpg,124,boiled_egg,boiled_egg,124.0
val_005787.jpg,172,chocolate_mousse,chocolate_mousse,172.0
val_005791.jpg,76,edamame,edamame,76.0
val_005796.jpg,138,panna_cotta,panna_cotta,138.0
val_005804.jpg,88,onion_rings,onion_rings,88.0
val_005817.jpg,19,cannoli,cannoli,19.0
val_005830.jpg,62,creme_brulee,creme_brulee,62.0
val_005833.jpg,98,lasagna,lasagna,98.0
val_005838.jpg,75,linguine,linguine,75.0
val_005840.jpg,0,macaron,macaron,0.0
val_005854.jpg,198,burrito,burrito,198.0
val_005855.jpg,79,macaroni_and_cheese,macaroni_and_cheese,79.0
val_005892.jpg,163,filet_mignon,filet_mignon,163.0
val_005904.jpg,123,fried_rice,fried_rice,123.0
val_005912.jpg,138,panna_cotta,panna_cotta,138.0
val_005925.jpg,156,donut,donut,156.0
val_005934.jpg,29,apple_pie,apple_pie,29.0
val_005938.jpg,19,cannoli,macaron,0.0
val_005942.jpg,168,eggs_benedict,eggs_benedict,168.0
val_005943.jpg,123,fried_rice,fried_rice,123.0
val_005974.jpg,98,lasagna,macaroni_and_cheese,79.0
val_005990.jpg,8,dumpling,dumpling,8.0
val_005999.jpg,0,macaron,macaron,0.0
val_006001.jpg,0,macaron,macaron,0.0
val_006004.jpg,98,lasagna,lasagna,98.0
val_006005.jpg,86,pancake,pancake,86.0
val_006019.jpg,0,macaron,macaron,0.0
val_006042.jpg,19,cannoli,cannoli,19.0
val_006052.jpg,75,linguine,linguine,75.0
val_006059.jpg,201,grilled_cheese_sandwich,grilled_cheese_sandwich,201.0
val_006063.jpg,8,dumpling,dumpling,8.0
val_006069.jpg,57,gnocchi,gnocchi,57.0
val_006075.jpg,75,linguine,linguine,75.0
val_006083.jpg,201,grilled_cheese_sandwich,grilled_cheese_sandwich,201.0
val_006087.jpg,57,gnocchi,gnocchi,57.0
val_006088.jpg,201,grilled_cheese_sandwich,grilled_cheese_sandwich,201.0
val_006095.jpg,76,edamame,edamame,76.0
val_006124.jpg,156,donut,donut,156.0
val_006130.jpg,19,cannoli,cannoli,19.0
val_006131.jpg,163,filet_mignon,filet_mignon,163.0
val_006142.jpg,0,macaron,macaron,0.0
val_006144.jpg,155,churro,churro,155.0
val_006146.jpg,86,pancake,pancake,86.0
val_006147.jpg,123,fried_rice,fried_rice,123.0
val_006154.jpg,29,apple_pie,apple_pie,29.0
val_006155.jpg,138,panna_cotta,panna_cotta,138.0
val_006172.jpg,138,panna_cotta,panna_cotta,138.0
val_006173.jpg,0,macaron,macaron,0.0
val_006176.jpg,163,filet_mignon,filet_mignon,163.0
val_006200.jpg,57,gnocchi,gnocchi,57.0
val_006211.jpg,201,grilled_cheese_sandwich,grilled_cheese_sandwich,201.0
val_006231.jpg,163,filet_mignon,filet_mignon,163.0
val_006235.jpg,79,macaroni_and_cheese,macaroni_and_cheese,79.0
val_006237.jpg,75,linguine,linguine,75.0
val_006249.jpg,86,pancake,pancake,86.0
val_006252.jpg,172,chocolate_mousse,chocolate_mousse,172.0
val_006253.jpg,172,chocolate_mousse,chocolate_mousse,172.0
val_006260.jpg,156,donut,donut,156.0
val_006295.jpg,0,macaron,macaron,0.0
val_006326.jpg,201,grilled_cheese_sandwich,grilled_cheese_sandwich,201.0
val_006330.jpg,163,filet_mignon,filet_mignon,163.0
val_006332.jpg,201,grilled_cheese_sandwich,grilled_cheese_sandwich,201.0
val_006348.jpg,124,boiled_egg,eggs_benedict,168.0
val_006349.jpg,123,fried_rice,fried_rice,123.0
val_006354.jpg,98,lasagna,lasagna,98.0
val_006355.jpg,76,edamame,not_in_list,
val_006361.jpg,172,chocolate_mousse,chocolate_mousse,172.0
val_006370.jpg,98,lasagna,lasagna,98.0
val_006396.jpg,193,ice_cream,ice_cream,193.0
val_006410.jpg,0,macaron,macaron,0.0
val_006416.jpg,168,eggs_benedict,eggs_benedict,168.0
val_006420.jpg,172,chocolate_mousse,chocolate_mousse,172.0
val_006424.jpg,88,onion_rings,onion_rings,88.0
val_006426.jpg,124,boiled_egg,boiled_egg,124.0
val_006428.jpg,155,churro,churro,155.0
val_006435.jpg,19,cannoli,cannoli,19.0
val_006441.jpg,67,tempura,tempura,67.0
val_006445.jpg,67,tempura,tempura,67.0
val_006446.jpg,57,gnocchi,gnocchi,57.0
val_006448.jpg,98,lasagna,lasagna,98.0
val_006449.jpg,193,ice_cream,ice_cream,193.0
val_006453.jpg,138,panna_cotta,panna_cotta,138.0
val_006468.jpg,8,dumpling,dumpling,8.0
val_006476.jpg,123,fried_rice,fried_rice,123.0
val_006478.jpg,163,filet_mignon,filet_mignon,163.0
val_006483.jpg,57,gnocchi,gnocchi,57.0
val_006486.jpg,86,pancake,pancake,86.0
val_006489.jpg,168,eggs_benedict,eggs_benedict,168.0
val_006502.jpg,198,burrito,burrito,198.0
val_006518.jpg,8,dumpling,dumpling,8.0
val_006520.jpg,98,lasagna,lasagna,98.0
val_006534.jpg,138,panna_cotta,panna_cotta,138.0
val_006542.jpg,98,lasagna,lasagna,98.0
val_006548.jpg,198,burrito,burrito,198.0
val_006556.jpg,156,donut,donut,156.0
val_006579.jpg,75,linguine,linguine,75.0
val_006581.jpg,19,cannoli,cannoli,19.0
val_006591.jpg,75,linguine,linguine,75.0
val_006613.jpg,79,macaroni_and_cheese,macaroni_and_cheese,79.0
val_006618.jpg,155,churro,churro,155.0
val_006623.jpg,168,eggs_benedict,eggs_benedict,168.0
val_006624.jpg,201,grilled_cheese_sandwich,grilled_cheese_sandwich,201.0
val_006630.jpg,79,macaroni_and_cheese,macaroni_and_cheese,79.0
val_006648.jpg,138,panna_cotta,panna_cotta,138.0
val_006666.jpg,123,fried_rice,fried_rice,123.0
val_006678.jpg,138,panna_cotta,panna_cotta,138.0
val_006686.jpg,79,macaroni_and_cheese,macaroni_and_cheese,79.0
val_006688.jpg,76,edamame,edamame,76.0
val_006704.jpg,0,macaron,macaron,0.0
val_006709.jpg,30,risotto,risotto,30.0
val_006715.jpg,193,ice_cream,ice_cream,193.0
val_006719.jpg,76,edamame,edamame,76.0
val_006727.jpg,155,churro,churro,155.0
val_006739.jpg,86,pancake,pancake,86.0
val_006741.jpg,30,risotto,risotto,30.0
val_006751.jpg,201,grilled_cheese_sandwich,grilled_cheese_sandwich,201.0
val_006753.jpg,138,panna_cotta,panna_cotta,138.0
val_006757.jpg,138,panna_cotta,panna_cotta,138.0
val_006759.jpg,201,grilled_cheese_sandwich,grilled_cheese_sandwich,201.0
val_006766.jpg,88,onion_rings,onion_rings,88.0
val_006773.jpg,75,linguine,linguine,75.0
val_006775.jpg,155,churro,churro,155.0
val_006780.jpg,0,macaron,macaron,0.0
val_006782.jpg,168,eggs_benedict,eggs_benedict,168.0
val_006795.jpg,76,edamame,edamame,76.0
val_006800.jpg,201,grilled_cheese_sandwich,grilled_cheese_sandwich,201.0
val_006801.jpg,86,pancake,pancake,86.0
val_006803.jpg,88,onion_rings,onion_rings,88.0
val_006835.jpg,98,lasagna,lasagna,98.0
val_006842.jpg,57,gnocchi,gnocchi,57.0
val_006866.jpg,155,churro,churro,155.0
val_006874.jpg,138,panna_cotta,panna_cotta,138.0
val_006877.jpg,29,apple_pie,apple_pie,29.0
val_006883.jpg,88,onion_rings,onion_rings,88.0
val_006889.jpg,163,filet_mignon,filet_mignon,163.0
val_006890.jpg,138,panna_cotta,panna_cotta,138.0
val_006891.jpg,67,tempura,tempura,67.0
val_006893.jpg,57,gnocchi,gnocchi,57.0
val_006902.jpg,79,macaroni_and_cheese,macaroni_and_cheese,79.0
val_006905.jpg,156,donut,donut,156.0
val_006909.jpg,88,onion_rings,onion_rings,88.0
val_006910.jpg,86,pancake,pancake,86.0
val_006912.jpg,62,creme_brulee,creme_brulee,62.0
val_006913.jpg,76,edamame,edamame,76.0
val_006942.jpg,86,pancake,pancake,86.0
val_006945.jpg,88,onion_rings,onion_rings,88.0
val_006960.jpg,138,panna_cotta,panna_cotta,138.0
val_006986.jpg,75,linguine,linguine,75.0
val_006989.jpg,155,churro,churro,155.0
val_006993.jpg,156,donut,donut,156.0
val_006997.jpg,168,eggs_benedict,eggs_benedict,168.0
val_006999.jpg,123,fried_rice,fried_rice,123.0
val_007019.jpg,172,chocolate_mousse,chocolate_mousse,172.0
val_007028.jpg,76,edamame,edamame,76.0
val_007034.jpg,193,ice_cream,ice_cream,193.0
val_007036.jpg,86,pancake,pancake,86.0
val_007041.jpg,88,onion_rings,onion_rings,88.0
val_007042.jpg,67,tempura,tempura,67.0
val_007048.jpg,163,filet_mignon,filet_mignon,163.0
val_007052.jpg,8,dumpling,dumpling,8.0
val_007054.jpg,76,edamame,edamame,76.0
val_007060.jpg,0,macaron,macaron,0.0
val_007083.jpg,19,cannoli,panna_cotta,138.0
val_007086.jpg,75,linguine,linguine,75.0
val_007089.jpg,168,eggs_benedict,eggs_benedict,168.0
val_007090.jpg,29,apple_pie,apple_pie,29.0
val_007108.jpg,193,ice_cream,ice_cream,193.0
val_007109.jpg,138,panna_cotta,panna_cotta,138.0
val_007114.jpg,88,onion_rings,donut,156.0
val_007143.jpg,168,eggs_benedict,eggs_benedict,168.0
val_007149.jpg,168,eggs_benedict,eggs_benedict,168.0
val_007151.jpg,168,eggs_benedict,eggs_benedict,168.0
val_007167.jpg,8,dumpling,dumpling,8.0
val_007171.jpg,75,linguine,linguine,75.0
val_007183.jpg,8,dumpling,dumpling,8.0
val_007186.jpg,156,donut,donut,156.0
val_007193.jpg,0,macaron,macaron,0.0
val_007196.jpg,76,edamame,edamame,76.0
val_007197.jpg,163,filet_mignon,filet_mignon,163.0
val_007203.jpg,19,cannoli,cannoli,19.0
val_007211.jpg,19,cannoli,cannoli,19.0
val_007221.jpg,75,linguine,linguine,75.0
val_007231.jpg,155,churro,churro,155.0
val_007253.jpg,172,chocolate_mousse,chocolate_mousse,172.0
val_007269.jpg,156,donut,donut,156.0
val_007272.jpg,88,onion_rings,onion_rings,88.0
val_007279.jpg,123,fried_rice,fried_rice,123.0
val_007283.jpg,29,apple_pie,apple_pie,29.0
val_007292.jpg,172,chocolate_mousse,chocolate_mousse,172.0
val_007294.jpg,201,grilled_cheese_sandwich,grilled_cheese_sandwich,201.0
val_007295.jpg,30,risotto,risotto,30.0
val_007297.jpg,88,onion_rings,onion_rings,88.0
val_007306.jpg,138,panna_cotta,panna_cotta,138.0
val_007308.jpg,193,ice_cream,ice_cream,193.0
val_007311.jpg,0,macaron,macaron,0.0
val_007312.jpg,67,tempura,tempura,67.0
val_007313.jpg,168,eggs_benedict,eggs_benedict,168.0
val_007315.jpg,19,cannoli,cannoli,19.0
val_007327.jpg,98,lasagna,lasagna,98.0
val_007330.jpg,98,lasagna,lasagna,98.0
val_007352.jpg,123,fried_rice,fried_rice,123.0
val_007357.jpg,62,creme_brulee,creme_brulee,62.0
val_007360.jpg,124,boiled_egg,boiled_egg,124.0
val_007370.jpg,201,grilled_cheese_sandwich,grilled_cheese_sandwich,201.0
val_007374.jpg,0,macaron,macaron,0.0
val_007394.jpg,168,eggs_benedict,eggs_benedict,168.0
val_007406.jpg,201,grilled_cheese_sandwich,grilled_cheese_sandwich,201.0
val_007407.jpg,193,ice_cream,chocolate_mousse,172.0
val_007417.jpg,124,boiled_egg,boiled_egg,124.0
val_007422.jpg,172,chocolate_mousse,chocolate_mousse,172.0
val_007431.jpg,75,linguine,linguine,75.0
val_007438.jpg,155,churro,pancake,86.0
val_007449.jpg,88,onion_rings,onion_rings,88.0
val_007451.jpg,57,gnocchi,gnocchi,57.0
val_007453.jpg,79,macaroni_and_cheese,macaroni_and_cheese,79.0
val_007455.jpg,29,apple_pie,apple_pie,29.0
val_007486.jpg,19,cannoli,cannoli,19.0
val_007495.jpg,168,eggs_benedict,eggs_benedict,168.0
val_007501.jpg,62,creme_brulee,creme_brulee,62.0
val_007520.jpg,30,risotto,risotto,30.0
val_007531.jpg,57,gnocchi,gnocchi,57.0
val_007534.jpg,155,churro,churro,155.0
val_007557.jpg,123,fried_rice,fried_rice,123.0
val_007577.jpg,138,panna_cotta,panna_cotta,138.0
val_007583.jpg,138,panna_cotta,panna_cotta,138.0
val_007589.jpg,62,creme_brulee,creme_brulee,62.0
val_007591.jpg,29,apple_pie,apple_pie,29.0
val_007596.jpg,29,apple_pie,apple_pie,29.0
val_007605.jpg,67,tempura,tempura,67.0
val_007611.jpg,0,macaron,macaron,0.0
val_007612.jpg,193,ice_cream,ice_cream,193.0
val_007617.jpg,168,eggs_benedict,eggs_benedict,168.0
val_007639.jpg,62,creme_brulee,creme_brulee,62.0
val_007640.jpg,168,eggs_benedict,eggs_benedict,168.0
val_007653.jpg,75,linguine,linguine,75.0
val_007654.jpg,138,panna_cotta,panna_cotta,138.0
val_007658.jpg,67,tempura,dumpling,8.0
val_007699.jpg,138,panna_cotta,panna_cotta,138.0
val_007704.jpg,155,churro,churro,155.0
val_007715.jpg,155,churro,churro,155.0
val_007717.jpg,29,apple_pie,apple_pie,29.0
val_007719.jpg,163,filet_mignon,filet_mignon,163.0
val_007720.jpg,172,chocolate_mousse,chocolate_mousse,172.0
val_007735.jpg,138,panna_cotta,panna_cotta,138.0
val_007739.jpg,57,gnocchi,gnocchi,57.0
val_007745.jpg,156,donut,donut,156.0
val_007747.jpg,123,fried_rice,fried_rice,123.0
val_007756.jpg,172,chocolate_mousse,chocolate_mousse,172.0
val_007757.jpg,198,burrito,burrito,198.0
val_007764.jpg,79,macaroni_and_cheese,macaroni_and_cheese,79.0
val_007765.jpg,156,donut,donut,156.0
val_007775.jpg,30,risotto,risotto,30.0
val_007777.jpg,88,onion_rings,onion_rings,88.0
val_007779.jpg,30,risotto,fried_rice,123.0
val_007789.jpg,30,risotto,risotto,30.0
val_007795.jpg,19,cannoli,cannoli,19.0
val_007796.jpg,67,tempura,tempura,67.0
val_007805.jpg,124,boiled_egg,boiled_egg,124.0
val_007812.jpg,155,churro,churro,155.0
val_007813.jpg,138,panna_cotta,panna_cotta,138.0
val_007824.jpg,57,gnocchi,gnocchi,57.0
val_007837.jpg,138,panna_cotta,panna_cotta,138.0
val_007849.jpg,67,tempura,tempura,67.0
val_007861.jpg,30,risotto,risotto,30.0
val_007863.jpg,30,risotto,risotto,30.0
val_007887.jpg,124,boiled_egg,boiled_egg,124.0
val_007889.jpg,62,creme_brulee,creme_brulee,62.0
val_007903.jpg,168,eggs_benedict,eggs_benedict,168.0
val_007927.jpg,0,macaron,macaron,0.0
val_007935.jpg,201,grilled_cheese_sandwich,grilled_cheese_sandwich,201.0
val_007939.jpg,29,apple_pie,apple_pie,29.0
val_007947.jpg,67,tempura,tempura,67.0
val_007954.jpg,123,fried_rice,fried_rice,123.0
val_007955.jpg,8,dumpling,dumpling,8.0
val_007965.jpg,198,burrito,burrito,198.0
val_007969.jpg,57,gnocchi,gnocchi,57.0
val_007971.jpg,76,edamame,edamame,76.0
val_007974.jpg,98,lasagna,lasagna,98.0
val_007975.jpg,124,boiled_egg,boiled_egg,124.0
val_008003.jpg,86,pancake,pancake,86.0
val_008004.jpg,57,gnocchi,gnocchi,57.0
val_008021.jpg,57,gnocchi,gnocchi,57.0
val_008040.jpg,8,dumpling,dumpling,8.0
val_008057.jpg,88,onion_rings,onion_rings,88.0
val_008075.jpg,201,grilled_cheese_sandwich,grilled_cheese_sandwich,201.0
val_008095.jpg,193,ice_cream,ice_cream,193.0
val_008103.jpg,86,pancake,pancake,86.0
val_008107.jpg,8,dumpling,dumpling,8.0
val_008127.jpg,75,linguine,linguine,75.0
val_008136.jpg,123,fried_rice,fried_rice,123.0
val_008142.jpg,198,burrito,burrito,198.0
val_008148.jpg,86,pancake,pancake,86.0
val_008150.jpg,8,dumpling,dumpling,8.0
val_008166.jpg,156,donut,donut,156.0
val_008186.jpg,138,panna_cotta,panna_cotta,138.0
val_008200.jpg,86,pancake,pancake,86.0
val_008206.jpg,79,macaroni_and_cheese,macaroni_and_cheese,79.0
val_008209.jpg,57,gnocchi,risotto,30.0
val_008211.jpg,75,linguine,linguine,75.0
val_008225.jpg,193,ice_cream,ice_cream,193.0
val_008231.jpg,168,eggs_benedict,eggs_benedict,168.0
val_008237.jpg,168,eggs_benedict,eggs_benedict,168.0
val_008245.jpg,168,eggs_benedict,eggs_benedict,168.0
val_008246.jpg,8,dumpling,dumpling,8.0
val_008248.jpg,138,panna_cotta,panna_cotta,138.0
val_008266.jpg,156,donut,donut,156.0
val_008285.jpg,124,boiled_egg,boiled_egg,124.0
val_008288.jpg,88,onion_rings,None,
val_008305.jpg,201,grilled_cheese_sandwich,grilled_cheese_sandwich,201.0
val_008318.jpg,88,onion_rings,onion_rings,88.0
val_008319.jpg,193,ice_cream,ice_cream,193.0
val_008321.jpg,86,pancake,pancake,86.0
val_008324.jpg,138,panna_cotta,panna_cotta,138.0
val_008333.jpg,79,macaroni_and_cheese,macaroni_and_cheese,79.0
val_008334.jpg,156,donut,donut,156.0
val_008337.jpg,76,edamame,edamame,76.0
val_008342.jpg,67,tempura,tempura,67.0
val_008360.jpg,172,chocolate_mousse,chocolate_mousse,172.0
val_008373.jpg,62,creme_brulee,creme_brulee,62.0
val_008377.jpg,123,fried_rice,fried_rice,123.0
val_008383.jpg,88,onion_rings,onion_rings,88.0
val_008391.jpg,86,pancake,pancake,86.0
val_008393.jpg,57,gnocchi,gnocchi,57.0
val_008394.jpg,88,onion_rings,onion_rings,88.0
val_008401.jpg,57,gnocchi,onion_rings,88.0
val_008409.jpg,76,edamame,edamame,76.0
val_008416.jpg,155,churro,churro,155.0
val_008435.jpg,75,linguine,linguine,75.0
val_008438.jpg,75,linguine,linguine,75.0
val_008444.jpg,155,churro,churro,155.0
val_008450.jpg,155,churro,churro,155.0
val_008455.jpg,8,dumpling,dumpling,8.0
val_008470.jpg,29,apple_pie,apple_pie,29.0
val_008478.jpg,138,panna_cotta,chocolate_mousse,172.0
val_008479.jpg,138,panna_cotta,panna_cotta,138.0
val_008481.jpg,88,onion_rings,onion_rings,88.0
val_008486.jpg,124,boiled_egg,boiled_egg,124.0
val_008490.jpg,201,grilled_cheese_sandwich,grilled_cheese_sandwich,201.0
val_008491.jpg,79,macaroni_and_cheese,gnocchi,57.0
val_008494.jpg,57,gnocchi,gnocchi,57.0
val_008530.jpg,172,chocolate_mousse,chocolate_mousse,172.0
val_008545.jpg,155,churro,donut,156.0
val_008569.jpg,172,chocolate_mousse,chocolate_mousse,172.0
val_008585.jpg,198,burrito,burrito,198.0
val_008592.jpg,98,lasagna,lasagna,98.0
val_008596.jpg,198,burrito,burrito,198.0
val_008601.jpg,168,eggs_benedict,eggs_benedict,168.0
val_008608.jpg,75,linguine,linguine,75.0
val_008617.jpg,172,chocolate_mousse,chocolate_mousse,172.0
val_008623.jpg,19,cannoli,cannoli,19.0
val_008631.jpg,75,linguine,linguine,75.0
val_008641.jpg,79,macaroni_and_cheese,macaroni_and_cheese,79.0
val_008644.jpg,57,gnocchi,gnocchi,57.0
val_008676.jpg,8,dumpling,dumpling,8.0
val_008683.jpg,75,linguine,linguine,75.0
val_008687.jpg,86,pancake,chocolate_mousse,172.0
val_008691.jpg,172,chocolate_mousse,chocolate_mousse,172.0
val_008694.jpg,30,risotto,risotto,30.0
val_008696.jpg,124,boiled_egg,boiled_egg,124.0
val_008701.jpg,30,risotto,risotto,30.0
val_008711.jpg,67,tempura,tempura,67.0
val_008728.jpg,172,chocolate_mousse,chocolate_mousse,172.0
val_008736.jpg,123,fried_rice,fried_rice,123.0
val_008741.jpg,201,grilled_cheese_sandwich,grilled_cheese_sandwich,201.0
val_008748.jpg,76,edamame,edamame,76.0
val_008761.jpg,29,apple_pie,creme_brulee,62.0
val_008768.jpg,198,burrito,burrito,198.0
val_008770.jpg,163,filet_mignon,filet_mignon,163.0
val_008771.jpg,138,panna_cotta,chocolate_mousse,172.0
val_008777.jpg,172,chocolate_mousse,chocolate_mousse,172.0
val_008780.jpg,0,macaron,macaron,0.0
val_008781.jpg,8,dumpling,dumpling,8.0
val_008782.jpg,155,churro,churro,155.0
val_008796.jpg,123,fried_rice,fried_rice,123.0
val_008802.jpg,88,onion_rings,onion_rings,88.0
val_008814.jpg,76,edamame,edamame,76.0
val_008817.jpg,19,cannoli,cannoli,19.0
val_008825.jpg,79,macaroni_and_cheese,macaroni_and_cheese,79.0
val_008835.jpg,62,creme_brulee,creme_brulee,62.0
val_008838.jpg,124,boiled_egg,boiled_egg,124.0
val_008842.jpg,75,linguine,linguine,75.0
val_008856.jpg,172,chocolate_mousse,chocolate_mousse,172.0
val_008896.jpg,88,onion_rings,onion_rings,88.0
val_008907.jpg,98,lasagna,lasagna,98.0
val_008910.jpg,98,lasagna,lasagna,98.0
val_008913.jpg,193,ice_cream,ice_cream,193.0
val_008928.jpg,201,grilled_cheese_sandwich,grilled_cheese_sandwich,201.0
val_008933.jpg,0,macaron,macaron,0.0
val_008938.jpg,193,ice_cream,ice_cream,193.0
val_008943.jpg,76,edamame,edamame,76.0
val_008944.jpg,201,grilled_cheese_sandwich,grilled_cheese_sandwich,201.0
val_008945.jpg,98,lasagna,lasagna,98.0
val_008947.jpg,79,macaroni_and_cheese,macaroni_and_cheese,79.0
val_008954.jpg,30,risotto,risotto,30.0
val_008964.jpg,75,linguine,linguine,75.0
val_008968.jpg,76,edamame,edamame,76.0
val_008969.jpg,193,ice_cream,ice_cream,193.0
val_008975.jpg,67,tempura,tempura,67.0
val_008981.jpg,79,macaroni_and_cheese,macaroni_and_cheese,79.0
val_008987.jpg,138,panna_cotta,panna_cotta,138.0
val_008996.jpg,201,grilled_cheese_sandwich,grilled_cheese_sandwich,201.0
val_009012.jpg,98,lasagna,lasagna,98.0
val_009022.jpg,30,risotto,risotto,30.0
val_009039.jpg,155,churro,churro,155.0
val_009041.jpg,62,creme_brulee,creme_brulee,62.0
val_009043.jpg,19,cannoli,cannoli,19.0
val_009044.jpg,79,macaroni_and_cheese,macaroni_and_cheese,79.0
val_009055.jpg,76,edamame,edamame,76.0
val_009063.jpg,62,creme_brulee,creme_brulee,62.0
val_009074.jpg,193,ice_cream,ice_cream,193.0
val_009075.jpg,168,eggs_benedict,eggs_benedict,168.0
val_009078.jpg,156,donut,donut,156.0
val_009085.jpg,62,creme_brulee,creme_brulee,62.0
val_009087.jpg,201,grilled_cheese_sandwich,grilled_cheese_sandwich,201.0
val_009093.jpg,168,eggs_benedict,eggs_benedict,168.0
val_009102.jpg,19,cannoli,cannoli,19.0
val_009103.jpg,62,creme_brulee,creme_brulee,62.0
val_009119.jpg,0,macaron,macaron,0.0
val_009135.jpg,76,edamame,edamame,76.0
val_009155.jpg,19,cannoli,cannoli,19.0
val_009162.jpg,198,burrito,burrito,198.0
val_009171.jpg,19,cannoli,cannoli,19.0
val_009175.jpg,168,eggs_benedict,eggs_benedict,168.0
val_009179.jpg,123,fried_rice,fried_rice,123.0
val_009181.jpg,76,edamame,edamame,76.0
val_009183.jpg,19,cannoli,cannoli,19.0
val_009196.jpg,155,churro,churro,155.0
val_009204.jpg,30,risotto,risotto,30.0
val_009207.jpg,172,chocolate_mousse,chocolate_mousse,172.0
val_009211.jpg,201,grilled_cheese_sandwich,grilled_cheese_sandwich,201.0
val_009227.jpg,201,grilled_cheese_sandwich,grilled_cheese_sandwich,201.0
val_009254.jpg,67,tempura,tempura,67.0
val_009256.jpg,57,gnocchi,gnocchi,57.0
val_009257.jpg,155,churro,churro,155.0
val_009268.jpg,19,cannoli,cannoli,19.0
val_009271.jpg,156,donut,donut,156.0
val_009277.jpg,0,macaron,macaron,0.0
val_009278.jpg,156,donut,donut,156.0
val_009282.jpg,124,boiled_egg,boiled_egg,124.0
val_009286.jpg,8,dumpling,dumpling,8.0
val_009290.jpg,0,macaron,macaron,0.0
val_009294.jpg,124,boiled_egg,boiled_egg,124.0
val_009296.jpg,163,filet_mignon,filet_mignon,163.0
val_009297.jpg,155,churro,dumpling,8.0
val_009298.jpg,201,grilled_cheese_sandwich,grilled_cheese_sandwich,201.0
val_009301.jpg,163,filet_mignon,filet_mignon,163.0
val_009304.jpg,30,risotto,risotto,30.0
val_009319.jpg,193,ice_cream,ice_cream,193.0
val_009321.jpg,62,creme_brulee,creme_brulee,62.0
val_009328.jpg,67,tempura,tempura,67.0
val_009340.jpg,67,tempura,onion_rings,88.0
val_009347.jpg,8,dumpling,dumpling,8.0
val_009348.jpg,124,boiled_egg,boiled_egg,124.0
val_009360.jpg,201,grilled_cheese_sandwich,grilled_cheese_sandwich,201.0
val_009363.jpg,193,ice_cream,ice_cream,193.0
val_009391.jpg,0,macaron,macaron,0.0
val_009396.jpg,123,fried_rice,fried_rice,123.0
val_009401.jpg,168,eggs_benedict,eggs_benedict,168.0
val_009405.jpg,8,dumpling,dumpling,8.0
val_009413.jpg,88,onion_rings,onion_rings,88.0
val_009421.jpg,62,creme_brulee,creme_brulee,62.0
val_009426.jpg,172,chocolate_mousse,chocolate_mousse,172.0
val_009432.jpg,30,risotto,risotto,30.0
val_009444.jpg,123,fried_rice,fried_rice,123.0
val_009457.jpg,30,risotto,risotto,30.0
val_009459.jpg,123,fried_rice,fried_rice,123.0
val_009472.jpg,0,macaron,macaron,0.0
val_009474.jpg,193,ice_cream,ice_cream,193.0
val_009490.jpg,193,ice_cream,ice_cream,193.0
val_009512.jpg,88,onion_rings,onion_rings,88.0
val_009520.jpg,168,eggs_benedict,eggs_benedict,168.0
val_009522.jpg,198,burrito,burrito,198.0
val_009524.jpg,88,onion_rings,onion_rings,88.0
val_009531.jpg,168,eggs_benedict,eggs_benedict,168.0
val_009535.jpg,156,donut,donut,156.0
val_009549.jpg,0,macaron,macaron,0.0
val_009567.jpg,76,edamame,edamame,76.0
val_009591.jpg,163,filet_mignon,filet_mignon,163.0
val_009594.jpg,155,churro,churro,155.0
val_009603.jpg,8,dumpling,dumpling,8.0
val_009612.jpg,172,chocolate_mousse,chocolate_mousse,172.0
val_009619.jpg,76,edamame,edamame,76.0
val_009637.jpg,168,eggs_benedict,eggs_benedict,168.0
val_009639.jpg,124,boiled_egg,boiled_egg,124.0
val_009640.jpg,57,gnocchi,gnocchi,57.0
val_009641.jpg,76,edamame,edamame,76.0
val_009644.jpg,75,linguine,linguine,75.0
val_009659.jpg,76,edamame,edamame,76.0
val_009670.jpg,124,boiled_egg,boiled_egg,124.0
val_009671.jpg,30,risotto,risotto,30.0
val_009672.jpg,156,donut,donut,156.0
val_009679.jpg,67,tempura,tempura,67.0
val_009685.jpg,201,grilled_cheese_sandwich,grilled_cheese_sandwich,201.0
val_009693.jpg,123,fried_rice,fried_rice,123.0
val_009701.jpg,88,onion_rings,onion_rings,88.0
val_009702.jpg,193,ice_cream,ice_cream,193.0
val_009706.jpg,0,macaron,macaron,0.0
val_009709.jpg,201,grilled_cheese_sandwich,grilled_cheese_sandwich,201.0
val_009716.jpg,19,cannoli,cannoli,19.0
val_009744.jpg,8,dumpling,dumpling,8.0
val_009753.jpg,86,pancake,pancake,86.0
val_009757.jpg,98,lasagna,lasagna,98.0
val_009764.jpg,67,tempura,tempura,67.0
val_009765.jpg,88,onion_rings,onion_rings,88.0
val_009777.jpg,138,panna_cotta,panna_cotta,138.0
val_009780.jpg,168,eggs_benedict,eggs_benedict,168.0
val_009781.jpg,76,edamame,edamame,76.0
val_009804.jpg,172,chocolate_mousse,chocolate_mousse,172.0
val_009805.jpg,198,burrito,burrito,198.0
val_009823.jpg,79,macaroni_and_cheese,macaroni_and_cheese,79.0
val_009843.jpg,193,ice_cream,ice_cream,193.0
val_009845.jpg,172,chocolate_mousse,chocolate_mousse,172.0
val_009856.jpg,76,edamame,edamame,76.0
val_009862.jpg,88,onion_rings,onion_rings,88.0
val_009869.jpg,19,cannoli,cannoli,19.0
val_009887.jpg,62,creme_brulee,creme_brulee,62.0
val_009889.jpg,155,churro,churro,155.0
val_009906.jpg,163,filet_mignon,filet_mignon,163.0
val_009907.jpg,168,eggs_benedict,eggs_benedict,168.0
val_009943.jpg,75,linguine,linguine,75.0
val_009949.jpg,156,donut,donut,156.0
val_009951.jpg,98,lasagna,lasagna,98.0
val_009955.jpg,155,churro,churro,155.0
val_009966.jpg,155,churro,churro,155.0
val_009968.jpg,30,risotto,risotto,30.0
val_009972.jpg,168,eggs_benedict,eggs_benedict,168.0
val_009980.jpg,98,lasagna,lasagna,98.0
val_009991.jpg,76,edamame,edamame,76.0
val_009997.jpg,201,grilled_cheese_sandwich,grilled_cheese_sandwich,201.0
val_010005.jpg,30,risotto,risotto,30.0
val_010023.jpg,124,boiled_egg,boiled_egg,124.0
val_010038.jpg,172,chocolate_mousse,chocolate_mousse,172.0
val_010054.jpg,62,creme_brulee,creme_brulee,62.0
val_010061.jpg,30,risotto,risotto,30.0
val_010068.jpg,29,apple_pie,apple_pie,29.0
val_010076.jpg,155,churro,churro,155.0
val_010079.jpg,57,gnocchi,gnocchi,57.0
val_010080.jpg,172,chocolate_mousse,chocolate_mousse,172.0
val_010089.jpg,57,gnocchi,gnocchi,57.0
val_010095.jpg,79,macaroni_and_cheese,macaroni_and_cheese,79.0
val_010096.jpg,124,boiled_egg,boiled_egg,124.0
val_010120.jpg,88,onion_rings,onion_rings,88.0
val_010121.jpg,138,panna_cotta,panna_cotta,138.0
val_010133.jpg,88,onion_rings,onion_rings,88.0
val_010143.jpg,198,burrito,burrito,198.0
val_010145.jpg,201,grilled_cheese_sandwich,grilled_cheese_sandwich,201.0
val_010153.jpg,198,burrito,burrito,198.0
val_010168.jpg,79,macaroni_and_cheese,macaroni_and_cheese,79.0
val_010180.jpg,155,churro,churro,155.0
val_010182.jpg,123,fried_rice,fried_rice,123.0
val_010207.jpg,75,linguine,linguine,75.0
val_010221.jpg,198,burrito,burrito,198.0
val_010225.jpg,75,linguine,linguine,75.0
val_010232.jpg,75,linguine,linguine,75.0
val_010240.jpg,156,donut,donut,156.0
val_010244.jpg,138,panna_cotta,panna_cotta,138.0
val_010245.jpg,168,eggs_benedict,eggs_benedict,168.0
val_010246.jpg,88,onion_rings,onion_rings,88.0
val_010253.jpg,163,filet_mignon,filet_mignon,163.0
val_010254.jpg,138,panna_cotta,panna_cotta,138.0
val_010259.jpg,29,apple_pie,cannoli,19.0
val_010268.jpg,98,lasagna,lasagna,98.0
val_010273.jpg,75,linguine,linguine,75.0
val_010276.jpg,138,panna_cotta,panna_cotta,138.0
val_010300.jpg,163,filet_mignon,filet_mignon,163.0
val_010318.jpg,172,chocolate_mousse,chocolate_mousse,172.0
val_010320.jpg,124,boiled_egg,boiled_egg,124.0
